file,source,tick,enter_count,nearest_or_diagnostic_beacon_id,distance_m,second_distance_m,position_x,position_y,velocity_x,velocity_y,location,confidence,score,impact_robust_z,reason
"实际上没有碰到信标灯-最终坐标1,4.csv",enter,10100,1,7,0.767912,1.699618,5.612579,1.463073,-0.933802,0.845168,3,2.000000,1.396363,1.855931,candidate failed initial/history gate
"实际上没有碰到信标灯-最终坐标1,4.csv",enter,13090,2,3,0.246172,1.870946,1.170882,3.677201,-0.241238,0.009217,3,1.000000,0.435169,-1.379123,score below threshold
"实际上没有碰到信标灯-最终坐标3,3(第二次).csv",enter,10610,1,6,0.822626,1.477993,3.376938,2.537128,0.109600,0.616462,1,2.000000,1.215823,3.014843,candidate failed initial/history gate
"实际上没有碰到信标灯-最终坐标3,3(第二次).csv",enter,17340,2,7,0.902603,1.450612,5.435423,1.790632,0.033080,0.362912,1,2.000000,0.932046,0.845510,candidate failed initial/history gate
"实际上没有碰到信标灯-最终坐标3,3.csv",enter,45660,1,3,1.012444,1.303464,0.799442,2.507619,-0.600056,-0.048461,3,2.000000,2.050455,5.086557,candidate failed initial/history gate
"慢速-实际上没有碰到信标灯-最终坐标5,3.csv",enter,50870,1,3,0.433843,1.619070,0.817813,3.106265,0.006366,0.957628,1,2.000000,1.588198,1.216999,candidate failed initial/history gate
"经过2,3号信标灯-最终坐标1,3.csv",track,27900,1,3,0.138078,1.667268,1.096493,3.401234,-1.164308,-0.031733,4,0.000000,1.798395,1.853346,track candidate deferred to nearby enter event
"经过2,3号信标灯-最终坐标1,3.csv",track,27910,1,3,0.130281,1.673538,1.084927,3.401204,-1.156631,-0.002902,4,0.000000,1.590995,1.591865,track candidate deferred to nearby enter event
"经过2,3号信标灯-最终坐标1,3.csv",track,27920,1,3,0.122962,1.679975,1.073179,3.401185,-1.174778,-0.001790,4,0.000000,1.348791,0.998228,track candidate deferred to nearby enter event
"经过2,3号信标灯-最终坐标1,3.csv",track,27930,1,3,0.116334,1.686504,1.061430,3.401208,-1.174892,0.002198,4,0.000000,0.848045,-0.197804,track candidate deferred to nearby enter event
"经过2,3号信标灯-最终坐标1,3.csv",track,27940,1,3,0.110229,1.693459,1.049255,3.401388,-1.217455,0.017014,4,0.000000,1.802709,0.624247,track candidate deferred to nearby enter event
"经过2,3号信标灯-最终坐标1,3.csv",track,27950,1,3,0.105474,1.699923,1.038254,3.401707,-1.100194,0.030061,4,0.000000,3.084713,2.706845,track candidate deferred to nearby enter event
"经过2,3号信标灯-最终坐标1,3.csv",track,27960,1,3,0.101190,1.706944,1.027016,3.402483,-1.123744,0.073254,4,0.000000,1.799722,4.213729,track candidate deferred to nearby enter event
"经过2,3号信标灯-最终坐标1,3.csv",track,27970,1,3,0.097122,1.715167,1.014847,3.404020,-1.216863,0.144951,4,0.000000,1.799722,4.043190,track candidate deferred to nearby enter event
"经过2,3号信标灯-最终坐标1,3.csv",track,27980,1,3,0.093974,1.724345,1.001797,3.406043,-1.305069,0.190879,4,0.000000,1.799722,3.885918,track candidate deferred to nearby enter event
"经过2,3号信标灯-最终坐标1,3.csv",track,27990,1,3,0.092473,1.733954,0.988370,3.408262,-1.342697,0.209274,4,0.000000,1.664071,3.695581,track candidate deferred to nearby enter event
"经过2,3号信标灯-最终坐标1,3.csv",track,28000,1,3,0.093154,1.743637,0.974718,3.410342,-1.365193,0.196279,4,0.000000,1.664071,3.563748,track candidate deferred to nearby enter event
"经过2,3号信标灯-最终坐标1,3.csv",track,28010,1,3,0.095900,1.753349,0.961039,3.412372,-1.367933,0.191451,4,0.000000,1.727662,3.440997,track candidate deferred to nearby enter event
"经过2,3号信标灯-最终坐标1,3.csv",track,28020,1,3,0.100714,1.762832,0.947427,3.414096,-1.361114,0.162717,4,0.000000,1.727662,1.407159,track candidate deferred to nearby enter event
"经过2,3号信标灯-最终坐标1,3.csv",track,28030,1,3,0.107208,1.771059,0.934785,3.414909,-1.264245,0.076634,4,0.000000,1.727662,2.097225,track candidate deferred to nearby enter event
"经过2,3号信标灯-最终坐标1,3.csv",track,28040,1,3,0.114509,1.778423,0.923013,3.415234,-1.177184,0.030653,4,0.000000,1.655562,2.429144,track candidate deferred to nearby enter event
"经过2,3号信标灯-最终坐标1,3.csv",track,28050,1,3,0.121856,1.785279,0.912147,3.415556,-1.086590,0.030426,4,0.000000,1.616489,2.371480,track candidate deferred to nearby enter event
"经过2,3号信标灯-最终坐标1,3.csv",track,28060,1,3,0.129233,1.791991,0.901770,3.416024,-1.037724,0.044105,4,0.000000,1.511594,2.011002,track candidate deferred to nearby enter event
"经过2,3号信标灯-最终坐标1,3.csv",track,28070,1,3,0.136994,1.799203,0.891115,3.416865,-1.065453,0.079334,4,0.000000,1.511594,1.971319,track candidate deferred to nearby enter event
"经过2,3号信标灯-最终坐标1,3.csv",track,23540,0,2,0.064122,1.005154,2.996889,4.564046,0.687492,-0.009416,0,0.000000,0.986545,2.217788,replayed trajectory passed beacon without accepted enter event
"经过4号信标灯-最终坐标1,3.csv",track,4770,0,7,0.072746,1.341812,4.953657,1.056074,-0.877000,-0.630544,0,0.000000,0.379225,-0.298543,replayed trajectory passed beacon without accepted enter event
"经过6,4,3号信标灯-最终坐标1,4.csv",track,9560,1,4,0.134434,1.634382,1.996115,2.134378,-1.907671,-0.270729,3,0.000000,4.126220,5.748625,track candidate too close to previous fix
"经过6,4,3号信标灯-最终坐标1,4.csv",track,9570,1,4,0.133331,1.631502,1.977045,2.131340,-1.907018,-0.286544,3,0.000000,2.598295,3.235866,track candidate too close to previous fix
"经过6,4,3号信标灯-最终坐标1,4.csv",track,9580,1,4,0.134402,1.627874,1.956900,2.127303,-2.014558,-0.380844,3,0.000000,1.119733,0.230475,track candidate too close to previous fix
"经过6,4,3号信标灯-最终坐标1,4.csv",track,9590,1,4,0.138051,1.622911,1.934633,2.121594,-2.226638,-0.538591,3,0.000000,1.119733,0.229945,track candidate too close to previous fix
"经过6,4,3号信标灯-最终坐标1,4.csv",enter,12770,3,3,0.576586,2.214707,0.831217,4.051329,0.004072,0.767520,1,2.000000,1.102244,0.161855,enter duplicates previous confirmed beacon
"经过6,4,3号信标灯-最终坐标3,2.csv",track,5770,1,4,0.133255,1.499553,2.133103,1.993634,-1.963203,0.064981,3,0.000000,7.326025,5.573187,track candidate deferred to nearby enter event
"经过6,4,3号信标灯-最终坐标3,2.csv",track,5780,1,4,0.114738,1.498671,2.114596,1.994284,-1.850696,0.061267,3,0.000000,6.226310,4.682265,track candidate deferred to nearby enter event
"经过6,4,3号信标灯-最终坐标3,2.csv",track,5790,1,4,0.096892,1.497918,2.096752,1.994791,-1.784405,0.047819,3,0.000000,3.371946,2.204368,track candidate deferred to nearby enter event
"经过6,4,3号信标灯-最终坐标3,2.csv",track,5800,1,4,0.079243,1.496861,2.079071,1.994771,-1.768111,-0.001823,3,0.000000,3.585534,2.156777,track candidate deferred to nearby enter event
"经过6,4,3号信标灯-最终坐标3,2.csv",track,5810,1,4,0.061701,1.495747,2.061454,1.994484,-1.761610,-0.027075,3,0.000000,3.585534,0.661412,track candidate deferred to nearby enter event
"经过6,4,3号信标灯-最终坐标3,2.csv",track,5820,1,4,0.044292,1.494572,2.043874,1.993928,-1.758061,-0.052516,3,0.000000,1.980767,-0.269687,track candidate deferred to nearby enter event
"经过6,4,3号信标灯-最终坐标3,2.csv",track,5830,1,4,0.027088,1.493607,2.026265,1.993376,-1.760879,-0.052066,3,0.000000,1.980767,-0.268961,track candidate deferred to nearby enter event
"经过6,4,3号信标灯-最终坐标3,2.csv",track,5840,1,4,0.011036,1.493000,2.008512,1.992976,-1.775295,-0.037697,3,0.000000,1.980767,-0.268239,track candidate deferred to nearby enter event
"经过6,4,3号信标灯-最终坐标3,2.csv",track,5850,1,4,0.011408,1.492775,1.991194,1.992749,-1.731853,-0.021457,3,0.000000,1.194715,-0.668428,track candidate deferred to nearby enter event
"经过6,4,3号信标灯-最终坐标3,2.csv",track,5860,2,4,0.006781,1.498172,1.993474,1.998158,-1.729956,-0.011013,3,2.000000,7.860608,-0.840334,track candidate too close to previous fix
"经过6,4,3号信标灯-最终坐标3,2.csv",track,5870,2,4,0.024111,1.498378,1.975958,1.998185,-1.751562,0.002550,3,2.000000,0.674352,-1.140088,track candidate too close to previous fix
"经过6,4,3号信标灯-最终坐标3,2.csv",track,5880,2,4,0.041774,1.498864,1.958262,1.998282,-1.769626,0.009178,3,2.000000,0.638554,-1.096965,track candidate too close to previous fix
"经过6,4,3号信标灯-最终坐标3,2.csv",track,5890,2,4,0.058899,1.499558,1.941123,1.998402,-1.713861,0.011250,3,2.000000,0.509652,-0.999055,track candidate too close to previous fix
"经过6,4,3号信标灯-最终坐标3,2.csv",track,5900,2,4,0.075784,1.500450,1.924230,1.998536,-1.689290,0.012665,3,2.000000,0.509652,-0.989163,track candidate too close to previous fix
"经过6,4,3号信标灯-最终坐标3,2.csv",track,5910,2,4,0.092721,1.501637,1.907287,1.998772,-1.694319,0.022322,3,2.000000,0.551385,-0.939371,track candidate too close to previous fix
"经过6,4,3号信标灯-最终坐标3,2.csv",track,5920,2,4,0.109843,1.503158,1.890160,1.999140,-1.712702,0.034658,3,2.000000,0.824427,-0.930620,track candidate too close to previous fix
"经过6,4,3号信标灯-最终坐标3,2.csv",track,5930,2,4,0.126841,1.505119,1.873159,1.999764,-1.700100,0.058923,3,2.000000,0.662630,-1.086941,track candidate too close to previous fix
"经过6,4号信标灯-最终坐标0,2.csv",track,9180,1,4,0.126519,1.567101,2.109565,2.063266,-0.933157,0.094105,3,0.000000,0.414667,-1.091092,track candidate too close to previous fix
"经过6,4号信标灯-最终坐标0,2.csv",track,9190,1,4,0.118873,1.568033,2.099616,2.064866,-0.994880,0.150886,3,0.000000,0.414667,-1.079304,track candidate too close to previous fix
"经过6,4号信标灯-最终坐标0,2.csv",track,9200,1,4,0.111030,1.569702,2.088376,2.067212,-1.123995,0.221357,3,0.000000,0.853080,-0.196313,track candidate too close to previous fix
"经过6,4号信标灯-最终坐标0,2.csv",track,9210,1,4,0.103577,1.571995,2.076207,2.070147,-1.216876,0.276863,3,0.000000,0.884519,-0.132891,track candidate too close to previous fix
"经过6,4号信标灯-最终坐标0,2.csv",track,9220,1,4,0.096830,1.574238,2.063674,2.072949,-1.253290,0.264399,3,0.000000,0.884519,-0.132715,track candidate too close to previous fix
"经过6,4号信标灯-最终坐标0,2.csv",track,9230,1,4,0.091437,1.577462,2.049816,2.076675,-1.385812,0.351458,3,0.000000,0.799567,-0.307399,track candidate too close to previous fix
"经过6,4号信标灯-最终坐标0,2.csv",track,9240,1,4,0.087787,1.580655,2.035576,2.080255,-1.423983,0.337723,3,0.000000,0.811889,-0.281165,track candidate too close to previous fix
"经过6,4号信标灯-最终坐标0,2.csv",track,9250,1,4,0.086068,1.583420,2.021765,2.083270,-1.381153,0.284499,3,0.000000,0.811889,-0.280376,track candidate too close to previous fix
"经过6,4号信标灯-最终坐标0,2.csv",track,9260,1,4,0.086086,1.585696,2.008418,2.085674,-1.334674,0.226720,3,0.000000,0.730302,-0.451053,track candidate too close to previous fix
"经过6,4号信标灯-最终坐标0,2.csv",track,9270,1,4,0.087621,1.587521,1.995689,2.087515,-1.272924,0.173679,3,0.000000,0.625700,-0.667287,track candidate too close to previous fix
"经过6,4号信标灯-最终坐标0,2.csv",track,9280,1,4,0.090352,1.589006,1.984008,2.088925,-1.168060,0.133061,3,0.000000,0.625700,-0.662860,track candidate too close to previous fix
"经过6,4号信标灯-最终坐标0,2.csv",track,9290,1,4,0.094009,1.590481,1.973728,2.090264,-1.027967,0.126263,3,0.000000,0.586075,-0.742599,track candidate too close to previous fix
"经过6,4号信标灯-最终坐标0,2.csv",track,9300,1,4,0.098391,1.592107,1.964357,2.091708,-0.937155,0.136265,3,0.000000,0.221234,-1.504665,track candidate too close to previous fix
"经过6,4号信标灯-最终坐标0,2.csv",track,9310,1,4,0.103655,1.594056,1.955095,2.093423,-0.926162,0.161811,3,0.000000,0.375843,-1.157444,track candidate too close to previous fix
"经过6,4号信标灯-最终坐标0,2.csv",track,9320,1,4,0.110296,1.596760,1.945386,2.095825,-0.970955,0.226637,3,0.000000,0.573951,-0.730238,track candidate too close to previous fix
"经过6,4号信标灯-最终坐标0,2.csv",track,9330,1,4,0.117653,1.599672,1.935457,2.098369,-0.992829,0.239968,3,0.000000,0.589278,-0.692884,track candidate too close to previous fix
"经过6,4号信标灯-最终坐标0,2.csv",track,9340,1,4,0.124664,1.601965,1.925899,2.100251,-0.955825,0.177494,3,0.000000,0.793519,-0.254570,track candidate too close to previous fix
"经过6,4号信标灯-最终坐标0,2.csv",track,9350,1,4,0.131172,1.603360,1.916528,2.101185,-0.937134,0.088177,3,0.000000,1.433455,1.112589,track candidate too close to previous fix
"经过6,4号信标灯-最终坐标0,2.csv",track,9360,1,4,0.138147,1.604074,1.906095,2.101323,-1.043301,0.013016,3,0.000000,1.490218,1.194436,track candidate too close to previous fix
"经过7,6,4号信标灯-最终坐标2,1.csv",enter,11000,1,7,0.046211,1.441939,4.992869,0.954343,-1.028625,-0.017945,3,1.000000,1.355138,1.145387,enter duplicates previous confirmed beacon
"经过7,6,4号信标灯-最终坐标2,1.csv",track,13680,1,6,0.136619,1.277999,4.103402,1.910710,0.345484,1.840726,3,0.000000,0.650285,-0.787286,track candidate deferred to nearby enter event
"经过7,6,4号信标灯-最终坐标2,1.csv",track,13690,1,6,0.128151,1.289246,4.107731,1.930597,0.432843,1.876108,3,0.000000,0.772340,-0.150801,track candidate deferred to nearby enter event
"经过7,6,4号信标灯-最终坐标2,1.csv",track,13700,1,6,0.122705,1.300826,4.112529,1.951075,0.479815,1.931910,3,0.000000,1.168418,0.436974,track candidate deferred to nearby enter event
"经过7,6,4号信标灯-最终坐标2,1.csv",track,13710,1,6,0.120480,1.312512,4.116946,1.971033,0.441746,1.882811,3,0.000000,1.423748,1.038287,track candidate deferred to nearby enter event
"经过7,6,4号信标灯-最终坐标2,1.csv",track,13720,1,6,0.121145,1.323790,4.120695,1.989567,0.374816,1.748511,3,0.000000,1.817557,1.949590,track candidate deferred to nearby enter event
"经过7,6,4号信标灯-最终坐标2,1.csv",track,13730,1,6,0.123925,1.334769,4.123735,2.006860,0.304023,1.631367,3,0.000000,2.174893,2.732392,track candidate deferred to nearby enter event
"经过7,6,4号信标灯-最终坐标2,1.csv",track,13740,1,6,0.128329,1.345914,4.126133,2.023641,0.239795,1.583144,3,0.000000,2.608175,3.630551,track candidate deferred to nearby enter event
"经过7,6,4号信标灯-最终坐标2,1.csv",track,13750,1,6,0.134597,1.358011,4.128143,2.041181,0.200998,1.654749,3,0.000000,3.126878,4.620707,track candidate deferred to nearby enter event
"经过7,6,4号信标灯-最终坐标2,1.csv",track,19470,2,4,0.123720,1.503353,2.123707,1.998255,-1.053202,0.537046,1,0.000000,0.609356,-0.259692,track candidate too close to previous fix
"经过7,6,4号信标灯-最终坐标2,1.csv",track,19480,2,4,0.113717,1.508657,2.113633,2.004372,-1.007425,0.577042,1,0.000000,1.034448,1.545238,track candidate too close to previous fix
"经过7,6,4号信标灯-最终坐标2,1.csv",track,19490,2,4,0.104400,1.514087,2.103869,2.010520,-0.976432,0.580077,1,0.000000,1.085947,1.921888,track candidate too close to previous fix
"经过7,6,4号信标灯-最终坐标2,1.csv",track,19500,2,4,0.095785,1.519621,2.094319,2.016691,-0.954963,0.582139,1,0.000000,1.085947,1.885612,track candidate too close to previous fix
"经过7,6,4号信标灯-最终坐标2,1.csv",track,19510,2,4,0.088052,1.525518,2.084954,2.023151,-0.936482,0.609437,1,0.000000,0.836025,0.701179,track candidate too close to previous fix
"经过7,6,4号信标灯-最终坐标2,1.csv",track,19520,2,4,0.081541,1.532174,2.075701,2.030302,-0.925287,0.674658,1,0.000000,1.103401,1.930110,track candidate too close to previous fix
"经过7,6,4号信标灯-最终坐标2,1.csv",track,19530,2,4,0.076975,1.539198,2.067091,2.037735,-0.861079,0.701193,1,0.000000,1.148969,2.126228,track candidate too close to previous fix
"经过7,6,4号信标灯-最终坐标2,1.csv",track,19540,2,4,0.074652,1.546473,2.059309,2.045336,-0.778140,0.717023,1,0.000000,1.148969,2.081918,track candidate too close to previous fix
"经过7,6,4号信标灯-最终坐标2,1.csv",track,19550,2,4,0.074183,1.554128,2.051627,2.053270,-0.768199,0.748517,1,0.000000,0.866184,1.075176,track candidate too close to previous fix
"经过7,6,4号信标灯-最终坐标2,1.csv",track,19560,2,4,0.075534,1.562281,2.043611,2.061672,-0.801608,0.792675,1,0.000000,1.446617,1.336054,track candidate too close to previous fix
"经过7,6,4号信标灯-最终坐标2,1.csv",track,19570,2,4,0.078684,1.570552,2.035644,2.070148,-0.796686,0.799595,1,0.000000,1.446617,1.318422,track candidate too close to previous fix
"经过7,6,4号信标灯-最终坐标2,1.csv",track,19580,2,4,0.083417,1.578793,2.028098,2.078543,-0.754670,0.791987,1,0.000000,1.446617,1.162396,track candidate too close to previous fix
"经过7,6,4号信标灯-最终坐标2,1.csv",track,19590,2,4,0.089495,1.587112,2.021101,2.086972,-0.699689,0.795209,1,0.000000,0.877569,0.490252,track candidate too close to previous fix
"经过7,6,4号信标灯-最终坐标2,1.csv",track,19600,2,4,0.096997,1.596019,2.014170,2.095957,-0.693031,0.847589,1,0.000000,0.877569,0.487858,track candidate too close to previous fix
"经过7,6,4号信标灯-最终坐标2,1.csv",track,19610,2,4,0.105369,1.605118,2.007515,2.105101,-0.665542,0.862642,1,0.000000,0.877569,0.485487,track candidate too close to previous fix
"经过7,6,4号信标灯-最终坐标2,1.csv",track,19620,2,4,0.114544,1.614539,2.001108,2.114538,-0.640704,0.890342,1,0.000000,0.649071,0.097407,track candidate too close to previous fix
"经过7,6,4号信标灯-最终坐标2,1.csv",track,19630,2,4,0.124461,1.624362,1.994839,2.124354,-0.626864,0.926026,1,0.000000,1.121769,1.823058,track candidate too close to previous fix
"经过7,6,4号信标灯-最终坐标2,1.csv",track,19640,2,4,0.134832,1.634424,1.989068,2.134388,-0.577093,0.946583,1,0.000000,1.121769,1.790386,track candidate too close to previous fix
"经过7,6,4号信标灯-最终坐标2,1.csv",track,22960,2,4,0.136585,1.419714,2.107422,1.915644,-0.841157,0.131509,1,0.000000,0.727763,0.102580,track candidate duplicates prior track-confirmed beacon
"经过7,6,4号信标灯-最终坐标2,1.csv",track,22970,2,4,0.129179,1.420716,2.099193,1.917248,-0.822889,0.151343,1,0.000000,1.032193,0.102474,track candidate duplicates prior track-confirmed beacon
"经过7,6,4号信标灯-最终坐标2,1.csv",track,22980,2,4,0.121698,1.422085,2.090980,1.919172,-0.821353,0.181450,1,0.000000,0.939698,-0.010566,track candidate duplicates prior track-confirmed beacon
"经过7,6,4号信标灯-最终坐标2,1.csv",track,22990,2,4,0.114347,1.423867,2.083088,1.921440,-0.789191,0.214005,1,0.000000,0.941525,-0.010564,track candidate duplicates prior track-confirmed beacon
"经过7,6,4号信标灯-最终坐标2,1.csv",track,23000,2,4,0.107106,1.426049,2.075518,1.924048,-0.757024,0.246025,1,0.000000,0.608305,-0.072762,track candidate duplicates prior track-confirmed beacon
"经过7,6,4号信标灯-最终坐标2,1.csv",track,23010,2,4,0.100087,1.428742,2.068573,1.927095,-0.694462,0.287435,1,0.000000,0.608305,-0.072709,track candidate duplicates prior track-confirmed beacon
"经过7,6,4号信标灯-最终坐标2,1.csv",track,23020,2,4,0.093092,1.432049,2.062158,1.930700,-0.641493,0.340051,1,0.000000,0.727316,0.461281,track candidate duplicates prior track-confirmed beacon
"经过7,6,4号信标灯-最终坐标2,1.csv",track,23030,2,4,0.086015,1.435748,2.055937,1.934658,-0.622152,0.373427,1,0.000000,0.727316,0.459161,track candidate duplicates prior track-confirmed beacon
"经过7,6,4号信标灯-最终坐标2,1.csv",track,23040,2,4,0.078792,1.439777,2.049769,1.938917,-0.616753,0.401766,1,0.000000,0.727316,0.457060,track candidate duplicates prior track-confirmed beacon
"经过7,6,4号信标灯-最终坐标2,1.csv",track,23050,2,4,0.071545,1.444124,2.043836,1.943458,-0.593268,0.428440,1,0.000000,0.632882,0.477007,track candidate duplicates prior track-confirmed beacon
"经过7,6,4号信标灯-最终坐标2,1.csv",track,23060,2,4,0.064183,1.448800,2.038035,1.948301,-0.580182,0.456862,1,0.000000,0.656511,0.595277,track candidate duplicates prior track-confirmed beacon
"经过7,6,4号信标灯-最终坐标2,1.csv",track,23070,2,4,0.056822,1.453595,2.032279,1.953237,-0.575583,0.465669,1,0.000000,0.656511,0.591751,track candidate duplicates prior track-confirmed beacon
"经过7,6,4号信标灯-最终坐标2,1.csv",track,23080,2,4,0.049549,1.458506,2.026702,1.958261,-0.557654,0.473981,1,0.000000,0.500684,-0.725533,track candidate duplicates prior track-confirmed beacon
"经过7,6,4号信标灯-最终坐标2,1.csv",track,23090,2,4,0.042454,1.463520,2.021449,1.963363,-0.525306,0.481297,1,0.000000,0.500684,-0.720302,track candidate duplicates prior track-confirmed beacon
"经过7,6,4号信标灯-最终坐标2,1.csv",track,23100,2,4,0.035528,1.468600,2.016446,1.968508,-0.500354,0.485355,1,0.000000,0.478084,-0.759548,track candidate duplicates prior track-confirmed beacon
"经过7,6,4号信标灯-最终坐标2,1.csv",track,23110,2,4,0.028690,1.473789,2.011564,1.973744,-0.488167,0.494006,1,0.000000,0.611223,-0.085511,track candidate duplicates prior track-confirmed beacon
"经过7,6,4号信标灯-最终坐标2,1.csv",track,23120,2,4,0.021782,1.479297,2.006724,1.979282,-0.483949,0.522431,1,0.000000,0.611223,-0.085438,track candidate duplicates prior track-confirmed beacon
"经过7,6,4号信标灯-最终坐标2,1.csv",track,23130,2,4,0.015114,1.485026,2.002039,1.985025,-0.468492,0.541767,1,0.000000,0.611223,-0.085364,track candidate duplicates prior track-confirmed beacon
"经过7,6,4号信标灯-最终坐标2,1.csv",track,23140,2,4,0.009401,1.490935,1.997515,1.990933,-0.452431,0.557420,1,0.000000,0.570970,-0.188779,track candidate duplicates prior track-confirmed beacon
"经过7,6,4号信标灯-最终坐标2,1.csv",track,23150,2,4,0.007356,1.497065,1.993262,1.997050,-0.425336,0.577084,1,0.000000,0.570970,-0.060449,track candidate duplicates prior track-confirmed beacon
"经过7,6,4号信标灯-最终坐标2,1.csv",track,23160,2,4,0.011271,1.503658,1.989326,2.003620,-0.393571,0.619768,1,0.000000,0.528181,-0.060412,track candidate duplicates prior track-confirmed beacon
"经过7,6,4号信标灯-最终坐标2,1.csv",track,23170,2,4,0.017726,1.510603,1.985746,2.010536,-0.358058,0.652487,1,0.000000,0.528181,-0.060376,track candidate duplicates prior track-confirmed beacon
"经过7,6,4号信标灯-最终坐标2,1.csv",track,23180,2,4,0.025035,1.517762,1.982254,2.017659,-0.349173,0.671933,1,0.000000,0.355681,-1.192886,track candidate duplicates prior track-confirmed beacon
"经过7,6,4号信标灯-最终坐标2,1.csv",track,23190,2,4,0.032678,1.524989,1.978769,2.024842,-0.348467,0.677634,1,0.000000,0.383430,-1.002640,track candidate duplicates prior track-confirmed beacon
"经过7,6,4号信标灯-最终坐标2,1.csv",track,23200,2,4,0.040612,1.532470,1.975345,2.032272,-0.342455,0.700938,1,0.000000,0.383430,-0.992677,track candidate duplicates prior track-confirmed beacon
"经过7,6,4号信标灯-最终坐标2,1.csv",track,23210,2,4,0.048759,1.540273,1.972147,2.040021,-0.319736,0.731050,1,0.000000,0.775833,1.360681,track candidate duplicates prior track-confirmed beacon
"经过7,6,4号信标灯-最终坐标2,1.csv",track,23220,2,4,0.057198,1.548555,1.969284,2.048251,-0.286366,0.776411,1,0.000000,0.982937,2.467952,track candidate duplicates prior track-confirmed beacon
"经过7,6,4号信标灯-最终坐标2,1.csv",track,23230,2,4,0.065993,1.557316,1.966672,2.056959,-0.261147,0.821584,1,0.000000,0.982937,2.402660,track candidate duplicates prior track-confirmed beacon
"经过7,6,4号信标灯-最终坐标2,1.csv",track,23240,2,4,0.075035,1.566328,1.964152,2.065918,-0.252022,0.845129,1,0.000000,0.982937,2.346232,track candidate duplicates prior track-confirmed beacon
"经过7,6,4号信标灯-最终坐标2,1.csv",track,23250,2,4,0.084190,1.575440,1.961701,2.074974,-0.245066,0.854377,1,0.000000,0.815732,1.399504,track candidate duplicates prior track-confirmed beacon
"经过7,6,4号信标灯-最终坐标2,1.csv",track,23260,2,4,0.093524,1.584683,1.959205,2.084157,-0.249639,0.866348,1,0.000000,0.815732,1.380169,track candidate duplicates prior track-confirmed beacon
"经过7,6,4号信标灯-最终坐标2,1.csv",track,23270,2,4,0.102831,1.593884,1.956760,2.093298,-0.244521,0.862275,1,0.000000,0.751451,0.434358,track candidate duplicates prior track-confirmed beacon
"经过7,6,4号信标灯-最终坐标2,1.csv",track,23280,2,4,0.111953,1.602865,1.954329,2.102214,-0.243024,0.841186,1,0.000000,0.732796,0.423608,track candidate duplicates prior track-confirmed beacon
"经过7,6,4号信标灯-最终坐标2,1.csv",track,23290,2,4,0.120939,1.611792,1.952178,2.111083,-0.215177,0.836642,1,0.000000,0.769101,0.588809,track candidate duplicates prior track-confirmed beacon
"经过7,6,4号信标灯-最终坐标2,1.csv",track,23300,2,4,0.130056,1.621020,1.950490,2.120264,-0.168769,0.866151,1,0.000000,0.769101,0.585359,track candidate duplicates prior track-confirmed beacon
"经过7,6,4号信标灯-最终坐标2,1.csv",track,23310,2,4,0.139462,1.630665,1.949180,2.129873,-0.131022,0.906508,1,0.000000,0.792177,0.755421,track candidate duplicates prior track-confirmed beacon
"经过7,6,4号信标灯-最终坐标2,1.csv",track,23150,2,4,0.007356,1.497065,1.993262,1.997050,-0.425336,0.577084,1,0.000000,0.570970,-0.060449,replayed trajectory passed beacon without accepted enter event
"经过7655443267信标-最终坐标5,2.csv",enter,10610,1,7,0.309166,1.182611,4.693733,1.042240,-1.178087,0.252513,3,2.000000,1.612812,1.370084,enter duplicates previous confirmed beacon
"经过7655443267信标-最终坐标5,2.csv",track,18490,2,5,0.137770,1.392366,1.917182,0.610099,0.000051,-0.900479,1,0.000000,0.874157,0.805573,track candidate deferred to nearby enter event
"经过7655443267信标-最终坐标5,2.csv",track,18500,2,5,0.130346,1.401811,1.917164,0.600639,-0.001799,-0.892494,1,0.000000,0.279513,-0.578222,track candidate deferred to nearby enter event
"经过7655443267信标-最终坐标5,2.csv",track,18510,2,5,0.123217,1.411254,1.917124,0.591182,-0.003956,-0.892152,1,0.000000,0.279513,-0.574895,track candidate deferred to nearby enter event
"经过7655443267信标-最终坐标5,2.csv",track,18520,2,5,0.116245,1.421280,1.916776,0.581159,-0.034803,-0.945542,1,0.000000,0.310855,-0.497803,track candidate deferred to nearby enter event
"经过7655443267信标-最终坐标5,2.csv",track,18530,2,5,0.109920,1.431269,1.916243,0.571184,-0.053291,-0.941041,1,0.000000,0.769124,0.584878,track candidate deferred to nearby enter event
"经过7655443267信标-最终坐标5,2.csv",track,18540,2,5,0.104057,1.441262,1.915840,0.561197,-0.040300,-0.942142,1,0.000000,0.868551,0.814737,track candidate deferred to nearby enter event
"经过7655443267信标-最终坐标5,2.csv",track,18550,2,5,0.098667,1.450900,1.915866,0.551542,0.002558,-0.910908,1,0.000000,0.868551,0.808146,track candidate deferred to nearby enter event
"经过7655443267信标-最终坐标5,2.csv",track,18560,2,5,0.093895,1.460414,1.916023,0.542003,0.015699,-0.899924,1,0.000000,0.864647,0.780618,track candidate deferred to nearby enter event
"经过7655443267信标-最终坐标5,2.csv",track,18570,2,5,0.089990,1.469879,1.916090,0.532518,0.006738,-0.894736,1,0.000000,0.815128,1.842060,track candidate deferred to nearby enter event
"经过7655443267信标-最终坐标5,2.csv",track,18580,2,5,0.087004,1.479439,1.916076,0.522944,-0.001450,-0.903265,1,0.000000,1.083513,2.561987,track candidate deferred to nearby enter event
"经过7655443267信标-最终坐标5,2.csv",track,18590,2,5,0.085097,1.489045,1.915953,0.513329,-0.012283,-0.907071,1,0.000000,1.136511,2.497926,track candidate deferred to nearby enter event
"经过7655443267信标-最终坐标5,2.csv",track,18600,2,5,0.084318,1.499020,1.915749,0.503349,-0.020395,-0.941441,1,0.000000,1.773332,3.881888,track candidate deferred to nearby enter event
"经过7655443267信标-最终坐标5,2.csv",track,18610,2,5,0.084800,1.509008,1.915460,0.493362,-0.028854,-0.942175,1,0.000000,2.887571,5.819138,track candidate deferred to nearby enter event
"经过7655443267信标-最终坐标5,2.csv",track,18620,2,5,0.086380,1.519102,1.915257,0.483263,-0.020371,-0.952760,1,0.000000,2.887571,6.532391,track candidate deferred to nearby enter event
"经过7655443267信标-最终坐标5,2.csv",track,18630,2,5,0.088872,1.529059,1.915235,0.473293,-0.002132,-0.940622,1,0.000000,2.887571,6.131458,track candidate deferred to nearby enter event
"经过7655443267信标-最终坐标5,2.csv",track,18640,2,5,0.092264,1.538952,1.915314,0.463380,0.007865,-0.935138,1,0.000000,2.246072,4.753474,track candidate deferred to nearby enter event
"经过7655443267信标-最终坐标5,2.csv",track,18650,2,5,0.096523,1.548712,1.915359,0.453603,0.004539,-0.922367,1,0.000000,2.365032,4.881101,track candidate deferred to nearby enter event
"经过7655443267信标-最终坐标5,2.csv",track,18660,2,5,0.101578,1.558460,1.915359,0.443841,-0.000064,-0.920986,1,0.000000,2.365032,4.653721,track candidate deferred to nearby enter event
"经过7655443267信标-最终坐标5,2.csv",track,18670,2,5,0.107526,1.568330,1.915138,0.433968,-0.022049,-0.931392,1,0.000000,2.234290,4.102861,track candidate deferred to nearby enter event
"经过7655443267信标-最终坐标5,2.csv",track,18680,2,5,0.113969,1.578099,1.914894,0.424198,-0.024431,-0.921725,1,0.000000,1.573662,2.614803,track candidate deferred to nearby enter event
"经过7655443267信标-最终坐标5,2.csv",track,18690,2,5,0.120741,1.587763,1.914716,0.414530,-0.017760,-0.912077,1,0.000000,1.273734,1.649155,track candidate deferred to nearby enter event
"经过7655443267信标-最终坐标5,2.csv",track,18700,2,5,0.127410,1.597063,1.914866,0.405208,0.014982,-0.879395,1,0.000000,1.273734,1.622372,track candidate deferred to nearby enter event
"经过7655443267信标-最终坐标5,2.csv",track,18710,2,5,0.134121,1.606180,1.915240,0.396058,0.037342,-0.863228,1,0.000000,1.206855,1.676339,track candidate deferred to nearby enter event
"经过7655443267信标-最终坐标5,2.csv",track,18760,3,5,0.042799,1.537525,1.979163,0.462616,0.029445,-0.854520,4,1.000000,3.807564,3.530871,track candidate too close to previous fix
"经过7655443267信标-最终坐标5,2.csv",track,18770,3,5,0.050519,1.546330,1.979549,0.453805,0.038615,-0.831205,4,1.000000,3.414686,3.410336,track candidate too close to previous fix
"经过7655443267信标-最终坐标5,2.csv",track,18780,3,5,0.058525,1.555064,1.979812,0.445067,0.026267,-0.824368,4,1.000000,3.128699,3.121650,track candidate too close to previous fix
"经过7655443267信标-最终坐标5,2.csv",track,18790,3,5,0.066630,1.563727,1.980139,0.436399,0.032706,-0.817755,4,1.000000,3.013528,2.872912,track candidate too close to previous fix
"经过7655443267信标-最终坐标5,2.csv",track,18800,3,5,0.074990,1.572478,1.980293,0.427646,0.015365,-0.825764,4,1.000000,3.299107,2.919933,track candidate too close to previous fix
"经过7655443267信标-最终坐标5,2.csv",track,18810,3,5,0.083417,1.581250,1.980605,0.418869,0.031188,-0.827998,4,1.000000,3.299107,2.931044,track candidate too close to previous fix
"经过7655443267信标-最终坐标5,2.csv",track,18820,3,5,0.092193,1.590270,1.980715,0.409847,0.011027,-0.851169,4,1.000000,2.199446,2.847499,track candidate too close to previous fix
"经过7655443267信标-最终坐标5,2.csv",track,18830,3,5,0.101240,1.599462,1.980493,0.400657,-0.022194,-0.866902,4,1.000000,2.190917,2.299978,track candidate too close to previous fix
"经过7655443267信标-最终坐标5,2.csv",track,18840,3,5,0.110749,1.609013,1.979774,0.391114,-0.071918,-0.900340,4,1.000000,1.981695,2.458395,track candidate too close to previous fix
"经过7655443267信标-最终坐标5,2.csv",track,18850,3,5,0.120173,1.618471,1.979062,0.381665,-0.071161,-0.891434,4,1.000000,1.838903,2.399351,track candidate too close to previous fix
"经过7655443267信标-最终坐标5,2.csv",track,18860,3,5,0.129445,1.627823,1.978721,0.372316,-0.034158,-0.881897,4,1.000000,1.371485,1.464134,track candidate too close to previous fix
"经过7655443267信标-最终坐标5,2.csv",track,18870,3,5,0.138360,1.636878,1.978906,0.363257,0.018573,-0.854626,4,1.000000,0.631650,-0.152096,track candidate too close to previous fix
"经过7655443267信标-最终坐标5,2.csv",track,20380,3,5,0.135215,1.635088,1.993883,0.364923,-0.002238,0.993260,4,0.000000,2.478152,2.808808,track candidate deferred to nearby enter event
"经过7655443267信标-最终坐标5,2.csv",track,20390,3,5,0.124399,1.624273,1.994186,0.375737,0.030288,1.020182,4,0.000000,2.478152,2.608137,track candidate deferred to nearby enter event
"经过7655443267信标-最终坐标5,2.csv",track,20400,3,5,0.113642,1.613522,1.994577,0.386487,0.039183,1.014153,4,0.000000,1.535922,1.312713,track candidate deferred to nearby enter event
"经过7655443267信标-最终坐标5,2.csv",track,20410,3,5,0.103268,1.603138,1.994641,0.396871,0.006385,0.979604,4,0.000000,0.959247,0.287714,track candidate deferred to nearby enter event
"经过7655443267信标-最终坐标5,2.csv",track,20420,3,5,0.093063,1.592910,1.994503,0.407099,-0.013825,0.964952,4,0.000000,0.707567,0.286888,track candidate deferred to nearby enter event
"经过7655443267信标-最终坐标5,2.csv",track,20430,3,5,0.082846,1.582659,1.994285,0.417351,-0.021810,0.967172,4,0.000000,1.296669,1.426833,track candidate deferred to nearby enter event
"经过7655443267信标-最终坐标5,2.csv",track,20440,3,5,0.072489,1.572260,1.994104,0.427751,-0.018074,0.981133,4,0.000000,1.492212,1.761745,track candidate deferred to nearby enter event
"经过7655443267信标-最终坐标5,2.csv",track,20450,3,5,0.062001,1.561736,1.994167,0.438274,0.006235,0.992745,4,0.000000,1.492212,1.731215,track candidate deferred to nearby enter event
"经过7655443267信标-最终坐标5,2.csv",track,20460,3,5,0.051184,1.550893,1.994452,0.449117,0.028559,1.022907,4,0.000000,1.696308,2.109013,track candidate deferred to nearby enter event
"经过7655443267信标-最终坐标5,2.csv",track,20470,3,5,0.040499,1.540155,1.994667,0.459854,0.021527,1.012891,4,0.000000,2.770741,2.515911,track candidate deferred to nearby enter event
"经过7655443267信标-最终坐标5,2.csv",track,20480,3,5,0.030118,1.529604,1.994409,0.470406,-0.025812,0.995473,4,0.000000,2.749181,2.454106,track candidate deferred to nearby enter event
"经过7655443267信标-最终坐标5,2.csv",track,20490,3,5,0.020579,1.519621,1.993754,0.480392,-0.065509,0.942037,4,0.000000,2.714203,2.348563,track candidate deferred to nearby enter event
"经过7655443267信标-最终坐标5,2.csv",track,20500,3,5,0.011685,1.509401,1.993039,0.490615,-0.071478,0.964477,4,0.000000,2.219719,1.646241,track candidate deferred to nearby enter event
"经过7655443267信标-最终坐标5,2.csv",track,20510,3,5,0.007671,1.498789,1.992429,0.501230,-0.061085,1.001451,4,0.000000,2.957136,2.558509,track candidate deferred to nearby enter event
"经过7655443267信标-最终坐标5,2.csv",track,20520,3,5,0.014931,1.487310,1.992165,0.512710,-0.026348,1.083003,4,0.000000,2.929935,2.494620,track candidate deferred to nearby enter event
"经过7655443267信标-最终坐标5,2.csv",track,20530,3,5,0.025357,1.475910,1.992150,0.524111,-0.001496,1.075563,4,0.000000,2.033651,2.433844,track candidate deferred to nearby enter event
"经过7655443267信标-最终坐标5,2.csv",track,20540,3,5,0.036301,1.464558,1.992242,0.535462,0.009200,1.070860,4,0.000000,2.314985,2.727974,track candidate deferred to nearby enter event
"经过7655443267信标-最终坐标5,2.csv",track,20550,3,5,0.047260,1.453377,1.992391,0.546643,0.014861,1.054805,4,0.000000,2.314985,2.655461,track candidate deferred to nearby enter event
"经过7655443267信标-最终坐标5,2.csv",track,20560,3,5,0.058568,1.441967,1.992260,0.558054,-0.013029,1.076507,4,0.000000,2.233455,1.970752,track candidate deferred to nearby enter event
"经过7655443267信标-最终坐标5,2.csv",track,20570,3,5,0.069686,1.430813,1.991868,0.569210,-0.039208,1.052435,4,0.000000,0.658363,-0.075546,track candidate deferred to nearby enter event
"经过7655443267信标-最终坐标5,2.csv",track,20580,3,5,0.080987,1.419488,1.991484,0.580538,-0.038481,1.068668,4,0.000000,1.058419,0.579517,track candidate deferred to nearby enter event
"经过7655443267信标-最终坐标5,2.csv",track,20590,3,5,0.092539,1.407909,1.991184,0.592118,-0.029963,1.092503,4,0.000000,1.550416,1.687755,track candidate deferred to nearby enter event
"经过7655443267信标-最终坐标5,2.csv",track,20600,3,5,0.104550,1.395869,1.990976,0.604160,-0.020833,1.135975,4,0.000000,1.756285,1.685208,track candidate deferred to nearby enter event
"经过7655443267信标-最终坐标5,2.csv",track,20610,3,5,0.116440,1.383957,1.990782,0.616074,-0.019330,1.124004,4,0.000000,2.243365,2.468761,track candidate deferred to nearby enter event
"经过7655443267信标-最终坐标5,2.csv",track,20620,4,5,0.032060,1.468030,1.997635,0.531972,-0.024299,1.114619,1,1.000000,2.786353,3.326006,track candidate too close to previous fix
"经过7655443267信标-最终坐标5,2.csv",track,20630,4,5,0.043878,1.456199,1.997447,0.543804,-0.018741,1.116159,1,1.000000,2.786353,3.218841,track candidate too close to previous fix
"经过7655443267信标-最终坐标5,2.csv",track,20640,4,5,0.055611,1.444453,1.997383,0.555549,-0.006430,1.108058,1,1.000000,2.786353,3.118365,track candidate too close to previous fix
"经过7655443267信标-最终坐标5,2.csv",track,20650,4,5,0.067248,1.432800,1.997526,0.567202,0.014276,1.099362,1,1.000000,0.948469,0.288368,track candidate too close to previous fix
"经过7655443267信标-最终坐标5,2.csv",track,20660,4,5,0.078926,1.421104,1.997881,0.578897,0.035528,1.103311,1,1.000000,0.948469,0.287538,track candidate too close to previous fix
"经过7655443267信标-最终坐标5,2.csv",track,20670,4,5,0.090591,1.409427,1.998223,0.590574,0.034180,1.101576,1,1.000000,1.217762,0.253326,track candidate too close to previous fix
"经过7655443267信标-最终坐标5,2.csv",track,20680,4,5,0.102354,1.397659,1.998428,0.602341,0.020523,1.110139,1,1.000000,1.217762,-0.087904,track candidate too close to previous fix
"经过7655443267信标-最终坐标5,2.csv",track,20690,4,5,0.113633,1.386381,1.998270,0.613620,-0.015865,1.064013,1,1.000000,0.790715,-0.530150,track candidate too close to previous fix
"经过7655443267信标-最终坐标5,2.csv",track,20700,4,5,0.124616,1.375402,1.997946,0.624599,-0.032309,1.035796,1,1.000000,0.786063,-0.518566,track candidate too close to previous fix
"经过7655443267信标-最终坐标5,2.csv",track,20710,4,5,0.135611,1.364410,1.997744,0.635592,-0.020222,1.037057,1,1.000000,0.766699,-0.515888,track candidate too close to previous fix
"经过7655443267信标-最终坐标5,2.csv",track,22260,5,4,0.136767,1.363973,2.013554,1.863906,-0.035862,0.611014,1,0.000000,0.893440,0.266767,track candidate too close to previous fix
"经过7655443267信标-最终坐标5,2.csv",track,22270,5,4,0.130344,1.370431,2.013559,1.870363,0.000514,0.609217,1,0.000000,1.029439,-0.093626,track candidate too close to previous fix
"经过7655443267信标-最终坐标5,2.csv",track,22280,5,4,0.123561,1.377279,2.013783,1.877210,0.022452,0.645914,1,0.000000,0.725870,-1.122415,track candidate too close to previous fix
"经过7655443267信标-最终坐标5,2.csv",track,22290,5,4,0.116856,1.384065,2.014068,1.883994,0.028469,0.639975,1,0.000000,0.264598,-1.819038,track candidate too close to previous fix
"经过7655443267信标-最终坐标5,2.csv",track,22300,5,4,0.110094,1.390910,2.014285,1.890836,0.021743,0.645528,1,0.000000,0.130284,-2.014470,track candidate too close to previous fix
"经过7655443267信标-最终坐标5,2.csv",track,22310,5,4,0.103349,1.397734,2.014400,1.897660,0.011445,0.643686,1,0.000000,0.286010,-1.709855,track candidate too close to previous fix
"经过7655443267信标-最终坐标5,2.csv",track,22320,5,4,0.096407,1.404768,2.014519,1.904693,0.011885,0.663504,1,0.000000,0.610263,-1.131236,track candidate too close to previous fix
"经过7655443267信标-最终坐标5,2.csv",track,22330,5,4,0.089358,1.411947,2.014762,1.911870,0.024288,0.677068,1,0.000000,1.176009,-0.153432,track candidate too close to previous fix
"经过7655443267信标-最终坐标5,2.csv",track,22340,5,4,0.082096,1.419351,2.014932,1.919273,0.017000,0.698420,1,0.000000,1.921885,1.132746,track candidate too close to previous fix
"经过7655443267信标-最终坐标5,2.csv",track,22350,5,4,0.075000,1.426572,2.014896,1.926494,-0.003504,0.681255,1,0.000000,2.611652,2.032619,track candidate too close to previous fix
"经过7655443267信标-最终坐标5,2.csv",track,22360,5,4,0.068041,1.433661,2.014783,1.933584,-0.011364,0.668899,1,0.000000,2.683128,1.992087,track candidate too close to previous fix
"经过7655443267信标-最终坐标5,2.csv",track,22370,5,4,0.061387,1.440482,2.014733,1.940407,-0.004987,0.643635,1,0.000000,2.366801,1.953140,track candidate too close to previous fix
"经过7655443267信标-最终坐标5,2.csv",track,22380,5,4,0.054814,1.447286,2.014763,1.947211,0.002955,0.641877,1,0.000000,2.366801,1.373561,track candidate too close to previous fix
"经过7655443267信标-最终坐标5,2.csv",track,22390,5,4,0.048414,1.453974,2.014784,1.953898,0.002167,0.630904,1,0.000000,2.293885,1.630400,track candidate too close to previous fix
"经过7655443267信标-最终坐标5,2.csv",track,22400,5,4,0.042050,1.460690,2.014733,1.960616,-0.005157,0.633700,1,0.000000,2.122720,1.855009,track candidate too close to previous fix
"经过7655443267信标-最终坐标5,2.csv",track,22410,5,4,0.035895,1.467367,2.014787,1.967293,0.005450,0.629918,1,0.000000,2.122720,1.821192,track candidate too close to previous fix
"经过7655443267信标-最终坐标5,2.csv",track,22420,5,4,0.029963,1.474098,2.014930,1.974022,0.014300,0.634821,1,0.000000,1.316170,1.054110,track candidate too close to previous fix
"经过7655443267信标-最终坐标5,2.csv",track,22430,5,4,0.024488,1.480762,2.015053,1.980685,0.012310,0.628596,1,0.000000,1.102855,0.613742,track candidate too close to previous fix
"经过7655443267信标-最终坐标5,2.csv",track,22440,5,4,0.019677,1.487516,2.015146,1.987439,0.009284,0.637189,1,0.000000,1.019325,0.544960,track candidate too close to previous fix
"经过7655443267信标-最终坐标5,2.csv",track,22450,5,4,0.016198,1.494228,2.015105,1.994152,-0.004079,0.633251,1,0.000000,0.884960,0.132356,track candidate too close to previous fix
"经过7655443267信标-最终坐标5,2.csv",track,22460,5,4,0.014849,1.500884,2.014827,2.000810,-0.027877,0.628187,1,0.000000,1.110976,0.230777,track candidate too close to previous fix
"经过7655443267信标-最终坐标5,2.csv",track,22470,5,4,0.016408,1.507563,2.014597,2.007492,-0.022920,0.630346,1,0.000000,1.165305,0.230245,track candidate too close to previous fix
"经过7655443267信标-最终坐标5,2.csv",track,22480,5,4,0.020244,1.514196,2.014500,2.014126,-0.009701,0.625844,1,0.000000,1.165305,0.229715,track candidate too close to previous fix
"经过7655443267信标-最终坐标5,2.csv",track,22490,5,4,0.025250,1.520738,2.014504,2.020669,0.000415,0.617221,1,0.000000,0.794584,-0.755301,track candidate too close to previous fix
"经过7655443267信标-最终坐标5,2.csv",track,22500,5,4,0.030734,1.527148,2.014538,2.027079,0.003331,0.604714,1,0.000000,0.846838,-0.804263,track candidate too close to previous fix
"经过7655443267信标-最终坐标5,2.csv",track,22510,5,4,0.036554,1.533601,2.014554,2.033532,0.001622,0.608780,1,0.000000,0.493305,-1.466445,track candidate too close to previous fix
"经过7655443267信标-最终坐标5,2.csv",track,22520,5,4,0.042648,1.540143,2.014593,2.040074,0.003927,0.617186,1,0.000000,0.864120,-0.820922,track candidate too close to previous fix
"经过7655443267信标-最终坐标5,2.csv",track,22530,5,4,0.048778,1.546595,2.014652,2.046525,0.005844,0.608614,1,0.000000,0.991921,-0.672683,track candidate too close to previous fix
"经过7655443267信标-最终坐标5,2.csv",track,22540,5,4,0.054906,1.552976,2.014681,2.052907,0.002904,0.602018,1,0.000000,0.991921,-0.611223,track candidate too close to previous fix
"经过7655443267信标-最终坐标5,2.csv",track,22550,5,4,0.061158,1.559432,2.014708,2.059363,0.002767,0.609104,1,0.000000,0.991921,-0.607506,track candidate too close to previous fix
"经过7655443267信标-最终坐标5,2.csv",track,22560,5,4,0.067497,1.565935,2.014751,2.065866,0.004231,0.613463,1,0.000000,0.899891,-0.856969,track candidate duplicates previous beacon
"经过7655443267信标-最终坐标5,2.csv",track,22570,5,4,0.073903,1.572486,2.014744,2.072417,-0.000690,0.618061,1,0.000000,1.034096,-0.699619,track candidate duplicates previous beacon
"经过7655443267信标-最终坐标5,2.csv",track,22580,5,4,0.080361,1.579061,2.014767,2.078992,0.002337,0.620269,1,0.000000,1.235460,-0.154021,track candidate duplicates previous beacon
"经过7655443267信标-最终坐标5,2.csv",track,22590,5,4,0.086723,1.585519,2.014806,2.085449,0.003889,0.609188,1,0.000000,1.240517,-0.143594,track candidate duplicates previous beacon
"经过7655443267信标-最终坐标5,2.csv",track,22600,5,4,0.092938,1.591845,2.014636,2.091778,-0.017040,0.597045,1,0.000000,1.246276,-0.143388,track candidate duplicates previous beacon
"经过7655443267信标-最终坐标5,2.csv",track,22610,5,4,0.099032,1.598038,2.014442,2.097973,-0.019330,0.584400,1,0.000000,1.233733,-0.183604,track candidate duplicates previous beacon
"经过7655443267信标-最终坐标5,2.csv",track,22620,5,4,0.105097,1.604178,2.014345,2.104113,-0.009773,0.579311,1,0.000000,1.127438,-0.458731,track candidate duplicates previous beacon
"经过7655443267信标-最终坐标5,2.csv",track,22630,5,4,0.111144,1.610284,2.014293,2.110221,-0.005145,0.576183,1,0.000000,1.025789,-0.527620,track candidate duplicates previous beacon
"经过7655443267信标-最终坐标5,2.csv",track,22640,5,4,0.117470,1.616650,2.014379,2.116586,0.008548,0.600493,1,0.000000,0.816158,-0.966920,track candidate duplicates previous beacon
"经过7655443267信标-最终坐标5,2.csv",track,22650,5,4,0.123820,1.623011,2.014702,2.122944,0.032300,0.599798,1,0.000000,0.328059,-1.768237,track candidate duplicates previous beacon
"经过7655443267信标-最终坐标5,2.csv",track,22660,5,4,0.130113,1.629317,2.014982,2.129248,0.028035,0.594701,1,0.000000,0.218000,-1.929618,track candidate duplicates previous beacon
"经过7655443267信标-最终坐标5,2.csv",track,22670,5,4,0.136291,1.635513,2.015187,2.135442,0.020535,0.584349,1,0.000000,0.179978,-1.960171,track candidate duplicates previous beacon
"经过7655443267信标-最终坐标5,2.csv",track,24340,5,4,0.139683,1.639495,2.007562,2.139478,-0.059422,-0.645532,1,0.000000,1.156226,0.739285,track candidate deferred to nearby enter event
"经过7655443267信标-最终坐标5,2.csv",track,24350,5,4,0.132707,1.632533,2.007096,2.132517,-0.046623,-0.656667,1,0.000000,1.156226,0.733854,track candidate deferred to nearby enter event
"经过7655443267信标-最终坐标5,2.csv",track,24360,5,4,0.125467,1.625304,2.006640,2.125291,-0.045636,-0.681725,1,0.000000,0.458723,-0.100761,track candidate deferred to nearby enter event
"经过7655443267信标-最终坐标5,2.csv",track,24370,5,4,0.117965,1.617817,2.006140,2.117806,-0.049926,-0.706168,1,0.000000,0.730726,0.413085,track candidate deferred to nearby enter event
"经过7655443267信标-最终坐标5,2.csv",track,24380,5,4,0.110334,1.610199,2.005643,2.110189,-0.049743,-0.718524,1,0.000000,0.933677,1.165657,track candidate deferred to nearby enter event
"经过7655443267信标-最终坐标5,2.csv",track,24390,5,4,0.102609,1.602486,2.005194,2.102477,-0.044926,-0.727528,1,0.000000,1.019792,2.189095,track candidate deferred to nearby enter event
"经过7655443267信标-最终坐标5,2.csv",track,24400,5,4,0.094468,1.594353,2.004806,2.094345,-0.038748,-0.767171,1,0.000000,1.019792,2.142154,track candidate deferred to nearby enter event
"经过7655443267信标-最终坐标5,2.csv",track,24410,5,4,0.086069,1.585964,2.004367,2.085958,-0.043927,-0.791282,1,0.000000,1.068434,2.097184,track candidate deferred to nearby enter event
"经过7655443267信标-最终坐标5,2.csv",track,24420,5,4,0.077425,1.577323,2.004061,2.077318,-0.030583,-0.815081,1,0.000000,1.068434,1.636623,track candidate deferred to nearby enter event
"经过7655443267信标-最终坐标5,2.csv",track,24430,5,4,0.068636,1.568521,2.004059,2.068516,-0.000259,-0.830413,1,0.000000,1.222540,1.547232,track candidate deferred to nearby enter event
"经过7655443267信标-最终坐标5,2.csv",track,24440,5,4,0.059427,1.559287,2.004145,2.059282,0.008593,-0.871091,1,0.000000,1.075191,0.546095,track candidate deferred to nearby enter event
"经过7655443267信标-最终坐标5,2.csv",track,24450,5,4,0.050224,1.550061,2.004107,2.050056,-0.003752,-0.870411,1,0.000000,0.637880,0.110597,track candidate deferred to nearby enter event
"经过7655443267信标-最终坐标5,2.csv",track,24460,5,4,0.040784,1.540596,2.003957,2.040591,-0.014979,-0.892851,1,0.000000,0.519929,-0.104104,track candidate deferred to nearby enter event
"经过7655443267信标-最终坐标5,2.csv",track,24470,5,4,0.031331,1.531103,2.003812,2.031098,-0.014540,-0.895568,1,0.000000,0.519929,-0.103996,track candidate deferred to nearby enter event
"经过7655443267信标-最终坐标5,2.csv",track,24480,5,4,0.021836,1.521522,2.003717,2.021518,-0.009529,-0.903837,1,0.000000,0.590772,0.028292,track candidate deferred to nearby enter event
"经过7655443267信标-最终坐标5,2.csv",track,24490,5,4,0.012288,1.511756,2.003590,2.011752,-0.012658,-0.921275,1,0.000000,0.743555,0.136410,track candidate deferred to nearby enter event
"经过7655443267信标-最终坐标5,2.csv",track,24500,5,4,0.003833,1.501773,2.003400,2.001770,-0.019040,-0.941752,1,0.000000,0.750703,0.327934,track candidate deferred to nearby enter event
"经过7655443267信标-最终坐标5,2.csv",track,24510,5,4,0.008950,1.491623,2.003142,1.991619,-0.025747,-0.957582,1,0.000000,0.579600,0.326861,track candidate deferred to nearby enter event
"经过7655443267信标-最终坐标5,2.csv",track,24520,5,4,0.018837,1.481375,2.002805,1.981373,-0.033718,-0.966645,1,0.000000,0.596036,0.283556,track candidate deferred to nearby enter event
"经过7655443267信标-最终坐标5,2.csv",track,24530,5,4,0.028989,1.471124,2.002535,1.971122,-0.027014,-0.967082,1,0.000000,0.589493,0.014426,track candidate deferred to nearby enter event
"经过7655443267信标-最终坐标5,2.csv",track,24540,5,4,0.039533,1.460543,2.002428,1.960541,-0.010636,-0.998155,1,0.000000,0.768493,0.362923,track candidate deferred to nearby enter event
"经过7655443267信标-最终坐标5,2.csv",track,24550,5,4,0.050509,1.449546,2.002321,1.949544,-0.010764,-1.037446,1,0.000000,0.788491,0.400511,track candidate deferred to nearby enter event
"经过7655443267信标-最终坐标5,2.csv",track,24560,5,4,0.061822,1.438218,2.002155,1.938216,-0.016544,-1.068718,1,0.000000,0.788491,0.398912,track candidate deferred to nearby enter event
"经过7655443267信标-最终坐标5,2.csv",track,24570,5,4,0.072896,1.427130,2.001893,1.927129,-0.026186,-1.045971,1,0.000000,0.771813,0.364146,track candidate deferred to nearby enter event
"经过7655443267信标-最终坐标5,2.csv",track,24580,5,4,0.083937,1.416079,2.001587,1.916078,-0.030616,-1.042477,1,0.000000,0.611146,0.042347,track candidate deferred to nearby enter event
"经过7655443267信标-最终坐标5,2.csv",track,24590,5,4,0.095213,1.404795,2.001206,1.904795,-0.038132,-1.064490,1,0.000000,1.027935,0.879602,track candidate deferred to nearby enter event
"经过7655443267信标-最终坐标5,2.csv",track,24600,5,4,0.107135,1.392866,2.000328,1.892866,-0.087768,-1.125375,1,0.000000,1.516340,1.845923,track candidate deferred to nearby enter event
"经过7655443267信标-最终坐标5,2.csv",track,24610,5,4,0.119381,1.380622,1.999133,1.880622,-0.119493,-1.155093,1,0.000000,2.524561,3.777629,track candidate deferred to nearby enter event
"经过7655443267信标-最终坐标5,2.csv",track,24620,5,4,0.131974,1.368045,1.997891,1.868043,-0.124193,-1.186686,1,0.000000,2.986341,6.280041,track candidate deferred to nearby enter event
"经过7655443267信标-最终坐标5,2.csv",track,29540,6,3,0.136470,1.722523,0.956661,3.370594,-0.070632,0.943233,4,0.000000,1.166830,3.074292,track candidate deferred to nearby enter event
"经过7655443267信标-最终坐标5,2.csv",track,29550,6,3,0.127527,1.730598,0.956066,3.380280,-0.059503,0.913731,4,0.000000,0.808289,1.250388,track candidate deferred to nearby enter event
"经过7655443267信标-最终坐标5,2.csv",track,29560,6,3,0.119268,1.738373,0.955288,3.389430,-0.077854,0.863219,4,0.000000,0.704726,1.136641,track candidate deferred to nearby enter event
"经过7655443267信标-最终坐标5,2.csv",track,29570,6,3,0.111419,1.745913,0.954527,3.398283,-0.076097,0.835227,4,0.000000,0.701566,0.770114,track candidate deferred to nearby enter event
"经过7655443267信标-最终坐标5,2.csv",track,29580,6,3,0.103700,1.753368,0.953896,3.407112,-0.063057,0.832937,4,0.000000,0.674874,0.585072,track candidate deferred to nearby enter event
"经过7655443267信标-最终坐标5,2.csv",track,29590,6,3,0.096220,1.760652,0.953404,3.415815,-0.049243,0.821034,4,0.000000,0.685841,1.210992,track candidate deferred to nearby enter event
"经过7655443267信标-最终坐标5,2.csv",track,29600,6,3,0.088842,1.767980,0.952991,3.424614,-0.041258,0.830090,4,0.000000,1.189172,2.906476,track candidate deferred to nearby enter event
"经过7655443267信标-最终坐标5,2.csv",track,29610,6,3,0.081681,1.775281,0.952669,3.433430,-0.032216,0.831676,4,0.000000,1.189172,2.824306,track candidate deferred to nearby enter event
"经过7655443267信标-最终坐标5,2.csv",track,29620,6,3,0.074699,1.782735,0.952384,3.442444,-0.028464,0.850340,4,0.000000,1.189172,2.746654,track candidate deferred to nearby enter event
"经过7655443267信标-最终坐标5,2.csv",track,29630,6,3,0.068155,1.790309,0.952057,3.451559,-0.032715,0.859905,4,0.000000,0.963946,1.831715,track candidate deferred to nearby enter event
"经过7655443267信标-最终坐标5,2.csv",track,29640,6,3,0.062291,1.798019,0.951630,3.460750,-0.042676,0.867147,4,0.000000,1.154567,0.825794,track candidate deferred to nearby enter event
"经过7655443267信标-最终坐标5,2.csv",track,29650,6,3,0.057422,1.805685,0.951143,3.469829,-0.048716,0.856507,4,0.000000,0.783806,-0.085565,track candidate deferred to nearby enter event
"经过7655443267信标-最终坐标5,2.csv",track,29660,6,3,0.053658,1.813325,0.950676,3.478874,-0.046717,0.853237,4,0.000000,0.640485,-0.468127,track candidate deferred to nearby enter event
"经过7655443267信标-最终坐标5,2.csv",track,29670,6,3,0.050931,1.820754,0.950534,3.487873,-0.014194,0.848956,4,0.000000,0.375645,-1.262087,track candidate deferred to nearby enter event
"经过7655443267信标-最终坐标5,2.csv",track,29680,6,3,0.049448,1.828182,0.950642,3.497030,0.010753,0.863855,4,0.000000,0.680183,-0.330599,track candidate deferred to nearby enter event
"经过7655443267信标-最终坐标5,2.csv",track,29690,6,3,0.049698,1.835653,0.950688,3.506176,0.004598,0.862863,4,0.000000,1.628580,2.529628,track candidate deferred to nearby enter event
"经过7655443267信标-最终坐标5,2.csv",track,29700,6,3,0.051781,1.843258,0.950542,3.515334,-0.014605,0.863939,4,0.000000,2.804554,5.838304,track candidate deferred to nearby enter event
"经过7655443267信标-最终坐标5,2.csv",track,29710,6,3,0.054947,1.850372,0.950571,3.524000,0.002958,0.817576,4,0.000000,3.003915,6.662733,track candidate deferred to nearby enter event
"经过7655443267信标-最终坐标5,2.csv",track,29720,6,3,0.059270,1.857525,0.950536,3.532652,-0.003554,0.816273,4,0.000000,2.901002,6.246152,track candidate deferred to nearby enter event
"经过7655443267信标-最终坐标5,2.csv",track,29730,6,3,0.064555,1.864785,0.950462,3.541393,-0.007374,0.824587,4,0.000000,2.336899,5.878597,track candidate deferred to nearby enter event
"经过7655443267信标-最终坐标5,2.csv",track,29740,6,3,0.070603,1.872181,0.950548,3.550391,0.008563,0.848874,4,0.000000,1.256138,2.349532,track candidate deferred to nearby enter event
"经过7655443267信标-最终坐标5,2.csv",track,29750,6,3,0.077319,1.879719,0.950856,3.559692,0.030838,0.877447,4,0.000000,0.515888,-0.772901,track candidate deferred to nearby enter event
"经过7655443267信标-最终坐标5,2.csv",track,29760,6,3,0.084902,1.887663,0.951531,3.569708,0.067473,0.944863,4,0.000000,0.848025,0.455735,track candidate deferred to nearby enter event
"经过7655443267信标-最终坐标5,2.csv",track,29770,6,3,0.093066,1.895731,0.952305,3.579916,0.077441,0.963015,4,0.000000,0.894899,0.865753,track candidate deferred to nearby enter event
"经过7655443267信标-最终坐标5,2.csv",track,29780,6,3,0.101741,1.903952,0.953045,3.590257,0.073958,0.975637,4,0.000000,0.928130,1.524818,track candidate deferred to nearby enter event
"经过7655443267信标-最终坐标5,2.csv",track,29790,6,3,0.110574,1.912170,0.953165,3.600166,0.012013,0.934742,4,0.000000,1.913924,2.399289,track candidate deferred to nearby enter event
"经过7655443267信标-最终坐标5,2.csv",track,29800,6,3,0.119703,1.920565,0.953043,3.610109,-0.012165,0.938030,4,0.000000,2.182285,3.005388,track candidate deferred to nearby enter event
"经过7655443267信标-最终坐标5,2.csv",track,29810,6,3,0.128850,1.928876,0.952949,3.619952,-0.009422,0.928661,4,0.000000,2.182285,2.917614,track candidate deferred to nearby enter event
"经过7655443267信标-最终坐标5,2.csv",track,29820,6,3,0.138078,1.937159,0.952975,3.629824,0.002630,0.931250,4,0.000000,1.970256,4.191155,track candidate deferred to nearby enter event
"经过7655443267信标-最终坐标5,2.csv",track,35130,7,2,0.139698,1.134545,2.866162,4.540037,0.044937,-0.484424,1,0.000000,0.738273,2.050770,track candidate deferred to nearby enter event
"经过7655443267信标-最终坐标5,2.csv",track,35140,7,2,0.137987,1.134044,2.866492,4.534873,0.033004,-0.487167,1,0.000000,0.871517,2.009518,track candidate deferred to nearby enter event
"经过7655443267信标-最终坐标5,2.csv",track,35150,7,2,0.136575,1.133734,2.866650,4.529504,0.015822,-0.506495,1,0.000000,0.871517,1.969893,track candidate deferred to nearby enter event
"经过7655443267信标-最终坐标5,2.csv",track,35160,7,2,0.135298,1.133428,2.866824,4.523864,0.017326,-0.532097,1,0.000000,0.800600,1.336959,track candidate deferred to nearby enter event
"经过7655443267信标-最终坐标5,2.csv",track,35170,7,2,0.134138,1.133056,2.867088,4.518099,0.026448,-0.543876,1,0.000000,0.470271,0.534736,track candidate deferred to nearby enter event
"经过7655443267信标-最终坐标5,2.csv",track,35180,7,2,0.133200,1.132702,2.867365,4.512257,0.027662,-0.551126,1,0.000000,0.602998,0.263285,track candidate deferred to nearby enter event
"经过7655443267信标-最终坐标5,2.csv",track,35190,7,2,0.132591,1.132455,2.867563,4.506395,0.019874,-0.552986,1,0.000000,0.502414,-0.264013,track candidate deferred to nearby enter event
"经过7655443267信标-最终坐标5,2.csv",track,35200,7,2,0.132477,1.132476,2.867524,4.500320,-0.003972,-0.573115,1,0.000000,0.604902,0.416523,track candidate deferred to nearby enter event
"经过7655443267信标-最终坐标5,2.csv",track,35210,7,2,0.132750,1.132641,2.867374,4.494260,-0.014997,-0.571714,1,0.000000,0.650468,1.648656,track candidate deferred to nearby enter event
"经过7655443267信标-最终坐标5,2.csv",track,35220,7,2,0.133286,1.132817,2.867245,4.488112,-0.012887,-0.580026,1,0.000000,0.650468,1.621890,track candidate deferred to nearby enter event
"经过7655443267信标-最终坐标5,2.csv",track,35230,7,2,0.134052,1.132964,2.867181,4.481861,-0.006393,-0.589706,1,0.000000,0.745989,1.595978,track candidate deferred to nearby enter event
"经过7655443267信标-最终坐标5,2.csv",track,35240,7,2,0.135089,1.133110,2.867156,4.475477,-0.002511,-0.602184,1,0.000000,0.745989,1.466034,track candidate deferred to nearby enter event
"经过7655443267信标-最终坐标5,2.csv",track,35250,7,2,0.136323,1.133196,2.867226,4.469097,0.006981,-0.601972,1,0.000000,0.744506,0.889687,track candidate deferred to nearby enter event
"经过7655443267信标-最终坐标5,2.csv",track,35260,7,2,0.137747,1.133214,2.867400,4.462696,0.017411,-0.603789,1,0.000000,0.391045,-0.518015,track candidate deferred to nearby enter event
"经过7655443267信标-最终坐标5,2.csv",track,35270,7,2,0.139521,1.133284,2.867567,4.456097,0.016715,-0.622614,1,0.000000,0.672810,0.613334,track candidate deferred to nearby enter event
"经过7655443267信标-最终坐标5,2.csv",track,47240,9,7,0.137792,1.376863,5.061626,1.123243,-0.002551,-0.917399,2,0.000000,0.787255,1.081487,track candidate deferred to nearby enter event
"经过7655443267信标-最终坐标5,2.csv",track,47250,9,7,0.129180,1.383020,5.061584,1.113556,-0.004172,-0.913947,2,0.000000,0.798147,1.104055,track candidate deferred to nearby enter event
"经过7655443267信标-最终坐标5,2.csv",track,47260,9,7,0.120578,1.389457,5.061651,1.103625,0.006715,-0.936805,2,0.000000,0.932270,1.507544,track candidate deferred to nearby enter event
"经过7655443267信标-最终坐标5,2.csv",track,47270,9,7,0.112149,1.396076,5.061806,1.093581,0.015549,-0.947576,2,0.000000,1.068193,1.797195,track candidate deferred to nearby enter event
"经过7655443267信标-最终坐标5,2.csv",track,47280,9,7,0.103697,1.402921,5.061907,1.083190,0.010042,-0.980276,2,0.000000,1.205891,2.368741,track candidate deferred to nearby enter event
"经过7655443267信标-最终坐标5,2.csv",track,47290,9,7,0.095498,1.409739,5.061869,1.072747,-0.003804,-0.985196,2,0.000000,1.074530,3.345123,track candidate deferred to nearby enter event
"经过7655443267信标-最终坐标5,2.csv",track,47300,9,7,0.087714,1.416659,5.061831,1.062216,-0.003830,-0.993534,2,0.000000,1.147613,3.387366,track candidate deferred to nearby enter event
"经过7655443267信标-最终坐标5,2.csv",track,47310,9,7,0.080652,1.423725,5.061921,1.051677,0.009047,-0.994218,2,0.000000,1.147613,3.276276,track candidate deferred to nearby enter event
"经过7655443267信标-最终坐标5,2.csv",track,47320,9,7,0.074402,1.430792,5.061978,1.041163,0.005653,-0.991904,2,0.000000,1.502777,3.172241,track candidate deferred to nearby enter event
"经过7655443267信标-最终坐标5,2.csv",track,47330,9,7,0.069119,1.437809,5.061937,1.030679,-0.004017,-0.989077,2,0.000000,1.502777,2.162625,track candidate deferred to nearby enter event
"经过7655443267信标-最终坐标5,2.csv",track,47340,9,7,0.065079,1.444951,5.061904,1.020080,-0.003360,-0.999844,2,0.000000,1.257532,2.012197,track candidate deferred to nearby enter event
"经过7655443267信标-最终坐标5,2.csv",track,47350,9,7,0.062386,1.452267,5.061716,1.009122,-0.018793,-1.033773,2,0.000000,1.115325,1.591944,track candidate deferred to nearby enter event
"经过7655443267信标-最终坐标5,2.csv",track,47360,9,7,0.061481,1.459611,5.061452,0.998110,-0.026391,-1.038929,2,0.000000,0.776206,0.659826,track candidate deferred to nearby enter event
"经过7655443267信标-最终坐标5,2.csv",track,47370,9,7,0.062421,1.466861,5.061095,0.987202,-0.035737,-1.028983,2,0.000000,0.971452,1.187874,track candidate deferred to nearby enter event
"经过7655443267信标-最终坐标5,2.csv",track,47380,9,7,0.065166,1.474206,5.060629,0.976110,-0.046566,-1.046419,2,0.000000,1.619737,2.905351,track candidate deferred to nearby enter event
"经过7655443267信标-最终坐标5,2.csv",track,47390,9,7,0.069643,1.481700,5.060093,0.964800,-0.053617,-1.067023,2,0.000000,2.569407,5.015139,track candidate deferred to nearby enter event
"经过7655443267信标-最终坐标5,2.csv",track,47400,9,7,0.075719,1.489456,5.059341,0.952967,-0.075216,-1.116306,2,0.000000,2.645870,4.775405,track candidate deferred to nearby enter event
"经过7655443267信标-最终坐标5,2.csv",track,47410,9,7,0.082952,1.497164,5.058310,0.941001,-0.103031,-1.128896,2,0.000000,1.935382,5.341533,track candidate deferred to nearby enter event
"经过7655443267信标-最终坐标5,2.csv",track,47420,9,7,0.091230,1.504994,5.057579,0.929236,-0.073167,-1.109873,2,0.000000,1.966844,5.169182,track candidate deferred to nearby enter event
"经过7655443267信标-最终坐标5,2.csv",track,47430,9,7,0.100128,1.512851,5.057088,0.917741,-0.049069,-1.084445,2,0.000000,1.966844,4.914869,track candidate deferred to nearby enter event
"经过7655443267信标-最终坐标5,2.csv",track,47440,9,7,0.109496,1.520768,5.056702,0.906328,-0.038624,-1.076673,2,0.000000,1.745472,4.078377,track candidate deferred to nearby enter event
"经过7655443267信标-最终坐标5,2.csv",track,47450,9,7,0.119016,1.528561,5.056321,0.895153,-0.038062,-1.054230,2,0.000000,2.045424,2.883722,track candidate deferred to nearby enter event
"经过7655443267信标-最终坐标5,2.csv",track,47460,9,7,0.128841,1.536418,5.055914,0.883923,-0.040744,-1.059431,2,0.000000,2.241651,3.266044,track candidate deferred to nearby enter event
"经过7655443267信标-最终坐标5,2.csv",track,47470,9,7,0.138997,1.544324,5.055274,0.872466,-0.063911,-1.080846,2,0.000000,2.276423,3.162647,track candidate deferred to nearby enter event
"经过7号信标灯-最终坐标3,2.csv",enter,3370,1,7,0.266385,1.192545,4.742031,1.066429,-0.690376,0.208442,3,2.000000,8.138279,0.910715,enter duplicates previous confirmed beacon
