file,source,tick,enter_count,beacon_id,distance_m,second_distance_m,position_x,position_y,velocity_x,velocity_y,location,confidence,score,impact_robust_z,applied,counts_in_sequence,reason
"经过2,3号信标灯-最终坐标1,3.csv",enter,24770,1,2,0.421322,1.002110,3.086644,4.087683,-0.241283,-0.771247,4,2.000000,2.340010,3.909737,1,1,initial loose gate
"经过2,3号信标灯-最终坐标1,3.csv",enter,28150,2,3,0.219762,1.867153,0.793449,3.424954,-1.328704,0.042022,3,2.000000,1.067820,-0.151914,1,1,strict distance gate
"经过3号信标灯-最终坐标3,2.csv",enter,8950,1,3,0.811134,1.147540,1.711613,3.110712,1.428563,-0.173443,2,2.000000,1.135502,0.074840,1,1,initial loose gate
"经过4,3号信标灯-最终坐标0,3.csv",enter,12010,1,4,0.659126,1.346393,2.655418,1.930182,1.461211,-0.285021,2,2.000000,2.039427,0.341588,1,1,initial loose gate
"经过4,3号信标灯-最终坐标0,3.csv",enter,15790,2,3,0.765920,2.192516,0.254059,3.326203,-0.452476,-0.005449,3,2.000000,0.747604,-0.696293,1,1,transition distance gate
"经过4号信标灯-最终坐标1,3.csv",enter,11120,1,4,0.859931,1.165079,2.845518,2.156781,1.765673,0.649201,2,2.000000,3.751645,2.324762,1,1,initial loose gate
"经过6,3号信标灯-最终坐标5,2.csv",enter,6110,1,6,0.127024,1.305094,4.122373,1.965940,-1.108813,0.374790,3,2.000000,1.911580,2.328387,1,1,strict distance gate
"经过6,3号信标灯-最终坐标5,2.csv",enter,9720,2,3,0.448395,2.214359,0.612653,3.725878,-1.102795,0.295622,3,2.000000,1.992528,1.871556,1,1,transition distance gate
"经过6,3号信标灯-最终坐标5,3.csv",enter,6320,1,6,0.193682,1.535015,3.808928,1.968307,-0.952414,0.084454,3,2.000000,0.616584,-0.819279,1,1,strict distance gate
"经过6,3号信标灯-最终坐标5,3.csv",enter,15400,2,3,0.358135,1.920996,1.217089,3.784839,0.095664,0.229437,1,2.000000,0.083760,-1.536531,1,1,weak detector score accepted by transition gate
"经过6,4,3号信标灯-最终坐标1,4.csv",enter,8190,1,6,0.183602,1.522301,3.820335,1.962181,-1.650399,0.087503,3,2.000000,2.920995,5.395127,1,1,strict distance gate
"经过6,4,3号信标灯-最终坐标1,4.csv",track,9550,1,4,0.138086,1.637318,2.015192,2.137247,-1.944776,-0.276667,3,0.000000,4.126220,6.099621,1,1,track proximity accepted by topology and signal gate
"经过6,4,3号信标灯-最终坐标1,4.csv",enter,11650,2,3,1.051647,1.141924,0.950279,2.449529,-0.241298,0.747769,1,1.000000,1.487520,0.457283,1,1,transition distance gate
"经过6,4,3号信标灯-最终坐标3,2.csv",enter,4950,1,6,0.743334,1.257322,3.257078,2.024768,-1.791525,0.052184,3,2.000000,1.404316,0.206104,1,1,initial loose gate
"经过6,4,3号信标灯-最终坐标3,2.csv",enter,5860,2,4,0.027126,1.492860,1.973894,1.992632,-1.729956,-0.011013,3,2.000000,7.860608,-0.840334,1,1,strict distance gate
"经过6,4,3号信标灯-最终坐标3,2.csv",enter,9370,3,3,0.947291,1.299299,1.793881,4.016830,0.062601,0.327254,1,2.000000,0.930245,0.057329,1,1,transition distance gate
"经过6,4号信标灯-最终坐标0,2.csv",enter,7270,1,6,0.146569,1.499014,3.856654,1.969434,-1.058199,-0.026449,3,2.000000,2.574685,2.427203,1,1,strict distance gate
"经过6,4号信标灯-最终坐标0,2.csv",track,9170,1,4,0.134215,1.566787,2.118896,2.062269,-1.071382,0.143552,3,0.000000,0.441878,-1.047860,1,1,track proximity accepted by topology and signal gate
"经过7,6,4号信标灯-最终坐标2,1.csv",track,10950,0,7,0.066625,1.480830,5.047873,0.953664,-1.070737,0.002942,0,0.000000,2.504812,3.420301,1,1,initial beacon 7 track proximity accepted by tight gate
"经过7,6,4号信标灯-最终坐标2,1.csv",enter,14120,2,6,0.790847,1.713987,4.072275,2.787538,-0.242777,1.165356,1,2.000000,1.128317,-0.483392,1,1,transition distance gate
"经过7,6,4号信标灯-最终坐标2,1.csv",track,19460,2,4,0.134445,1.498587,2.134239,1.992562,-1.190089,0.528557,1,0.000000,0.699580,0.464406,1,1,track proximity accepted by topology and signal gate
"经过7,6,4号信标灯-最终坐标2,1.csv",enter,28360,3,4,1.142979,0.933420,1.289156,1.104957,-0.011510,-1.064245,4,2.000000,1.635814,1.455088,1,0,repeat enter recalibrates previous beacon
"经过7655443267信标-最终坐标5,2.csv",track,10360,0,7,0.058111,1.456131,5.058110,0.999639,-1.208045,-0.010166,0,0.000000,1.807034,2.211140,1,1,initial beacon 7 track proximity accepted by tight gate
"经过7655443267信标-最终坐标5,2.csv",enter,13020,2,6,0.228384,1.635253,3.800851,2.111797,-0.572534,1.035508,1,1.000000,2.793739,3.953054,1,1,strict distance gate
"经过7655443267信标-最终坐标5,2.csv",enter,18760,3,5,0.171195,1.651640,1.916653,0.350464,0.029445,-0.854520,4,1.000000,3.807564,3.530871,1,1,strict distance gate
"经过7655443267信标-最终坐标5,2.csv",enter,20620,4,5,0.128239,1.372143,1.990539,0.627889,-0.024299,1.114619,1,1.000000,2.786353,3.326006,1,1,strict distance gate
"经过7655443267信标-最终坐标5,2.csv",enter,21900,5,4,0.362234,1.137818,2.005305,1.637805,0.015308,0.508523,1,1.000000,1.383641,0.487946,1,1,weak detector score accepted by transition gate
"经过7655443267信标-最终坐标5,2.csv",enter,25090,6,4,0.630381,0.870010,1.983102,1.369845,-0.098255,-0.580155,4,1.000000,0.540395,-0.717596,1,1,transition distance gate
"经过7655443267信标-最终坐标5,2.csv",enter,30070,7,3,0.364156,2.134550,0.955246,3.861396,0.029984,0.629105,1,2.000000,1.055108,-0.452368,1,1,weak detector score accepted by transition gate
"经过7655443267信标-最终坐标5,2.csv",enter,35730,8,2,0.449587,1.208511,2.870815,4.069372,0.022588,-0.995411,4,2.000000,1.321226,1.050251,1,1,transition distance gate
"经过7655443267信标-最终坐标5,2.csv",enter,42440,9,6,0.435898,1.326490,4.396440,2.181225,1.242521,-0.197846,2,2.000000,0.628183,0.164243,1,1,transition distance gate
"经过7655443267信标-最终坐标5,2.csv",enter,47720,10,7,0.313279,1.668270,5.030721,0.688231,-0.094495,-0.251766,4,2.000000,1.820394,0.786743,1,1,strict distance gate
"经过7号信标灯-最终坐标3,2.csv",track,3070,0,7,0.060463,1.468570,5.057339,0.980818,-0.994513,-0.266076,0,0.000000,2.245684,2.592739,1,1,initial beacon 7 track proximity accepted by tight gate
"经过7号信标灯-最终坐标4,1.csv",track,5580,0,7,0.067589,1.473771,5.018794,0.935077,-0.803182,0.106374,0,0.000000,1.489717,1.971558,1,1,initial beacon 7 track proximity accepted by tight gate
